res_no_1,age,sex,BH,BW,BMI,SBP,DBP,ACsugar_LOCF,Insulin_LOCF,HbA1c_LOCF,Cpeptide_LOCF,HOMAIR_LOCF,HOMAb_LOCF,d1_corti_LOCF,leptin_3_LOCF,Chol_LOCF,TG_LOCF,HDL_LOCF,LDL_LOCF,LDL_HDL_LOCF,oxytocin_LOCF,hsCRP_LOCF,HAMD_V1_LOCF,HAMD_V4_LOCF,whoqol28_ov,whoqol28_ph,whoqol28_ps,whoqol28_sr,whoqol28_en,whoqol28_s,SSS.ia_s,SSS.ib_s,SSS.iia_s,SSS.iib_s,sss_sum,les_e_s,responderv41_LOCF,remissionv41_LOCF,edu_year,Drug,BDNFgene,BDNFgene.1,GNB3,GNB3.1,HTR2A,HTR2A.1,HTR1A,HTR1A.1,IL1B,IL1B.1,TPH1,TPH1.1,SLC6A4,SLC6A4.1,OXTR,OXTR.1,ftt_r_LOCF,ftt_l_LOCF,pers_err_LOCF,cacmplt_LOCF,d_a_LOCF,d_b_LOCF,BDNFgene_raw,GNB3_raw,HTR2A_raw,HTR1A_raw,IL1B_raw,TPH1_raw,SLC6A4_raw,OXTR_raw
D07A006,23,0,160,45,17.58,97,67,81,3.53,4.9,1,0.71,70.6,14,2.49,249,46,63,177,2.81,30.28,13058.33333,19,2,6,19,16,12,30,83,28,32,18,23,101,9.5,1,1,17,1,1,CT,0,CC,2,AA,2,CC,2,GG,2,TT,0,AA,2,AA,39.2,44,5,4,4.69,4.24,1,2,4,2,6,3,4,0
D07A015,52,1,175,78,25.47,129,87,96.1,3.19,5.67,2,1.72,76.83,11,4.51,202.9,113.8,56.6,126.3,2.32,4.13,126658.3333,21,7,6,20,14.9,13,29,87.4,26,28,25,25,104,9.5,1,1,12,1,1,CT,1,CT,1,AG,0,GG,2,GG,2,TT,0,AA,0,GG,38.44,38.02,18.82,1.32,3.83,3.07,1,1,5,6,6,3,4,2
D07A016,50,1,163,66,24.84,125,80,103,11.8,5.67,3.7,3,106.2,18.3,6.35,204,176,56.6,126.3,2.32,47.43,565800,19,2,6,25,18,12,44,105,25,33,30,31,104.1,2,1,1,14,1,0,CC,2,TT,0,GG,1,CG,1,AG,2,TT,0,AA,2,AA,38.44,38.02,18.82,1.32,3.83,3.07,2,3,6,8,5,3,4,0
D07A018,24,1,162,62,23.62,153,97,83,4.85,6.2,1.3,0.99,87.3,14.4,7.75,215,96,67,129,1.93,112.27,329258.3333,25,4,5,13,12,15,26,71,17,25,20,20,82,19,1,1,17,0,0,CC,0,CC,2,AA,0,GG,2,GG,0,GG,0,AA,2,AA,38.44,38.02,18.82,1.32,3.83,3.07,2,2,4,6,6,6,4,0
D07A020,31,1,166,75,27.22,121,82,104,9.09,5.5,1.6,2.33,79.81,20,12.93,166,104,50,95,1.9,33.09,60508.33333,22,6,3,17,10,14,28,72,25,26,21,23,95,9.5,1,1,24,1,0,CC,1,CT,1,AG,0,GG,1,AG,0,GG,0,AA,0,GG,50,44.4,6,4,4.57,4,2,1,5,6,5,6,4,2
D07A024,33,0,166,46,16.69,96,67,90,3.06,5.4,1.2,0.68,40.8,12.1,4.48,189,43,93,87,0.94,27.12,37775,24,3,6,17,17,16,35,91,28,32,28,30,118,8,1,1,12,1,0,CC,2,TT,1,AG,0,GG,1,AG,0,GG,0,AA,1,AG,30,29.8,17,1,4.7,3.07,2,3,5,6,5,6,4,1
D07A029,32,0,160,68,26.56,120,74,95,32.14,5.9,5.5,7.54,361.58,21.07,29.52,295,132,60,209,3.48,61.82,426716.6667,26,7,5.6,18.7,14.9,13.6,34.1,87.4,25,30,23,27,104.1,3,1,1,9,1,2,TT,2,TT,1,AG,0,GG,2,GG,0,GG,0,AA,2,AA,51,49,19,3,4.57,4.36,3,3,5,6,6,6,4,0
D07A035,23,0,158,52,20.83,92,67,92,2.39,5.3,0.95,0.54,29.67,12.12,3.8,152,35,57,88,1.54,9.21,15738.09524,15,2,7,18,14,12,37,88,24,28,22,25,99,9,1,1,12,1,1,CT,2,TT,2,AA,1,CG,1,AG,1,GT,0,AA,1,AG,49.2,55.2,19,0,3.75,4.34,1,3,4,8,5,7,4,1
D07A038,18,0,157,42,17.04,87,64,83,5.26,5.5,0.97,1.08,94.68,22.43,3.82,218,39,83,127,1.53,18.85,12685,17,6,6,15,14,17,37,89,30,38,30,31,129,16,1,1,16,1,1,CT,1,CT,1,AG,1,CG,1,AG,1,GT,1,AG,0,GG,43.8,42.8,9,4,4.86,4.86,1,1,5,8,5,7,5,2
D07A039,70,0,159,69,27.29,158,75,80,2.78,6.5,1,0.55,58.87,6.45,21.71,307,166,54,220,4.07,24.48,581178.5714,16,1,5.6,18.7,14.9,13.6,34.1,87.4,25,30,23,27,104.1,0,1,1,12,0,1,CT,2,TT,1,AG,1,CG,1,AG,1,GT,0,AA,0,GG,27.2,28.4,9,0,0.64,0.64,1,3,5,8,5,7,4,2
D07A047,28,0,165,64,23.51,100,60,80,3.44,5.4,2.2,0.68,72.85,9.28,9.02,178,249,46,82,1.78,67.08,220347.2222,24,2,6,18,13,17,29,83,30,30,26,26,112,12,1,1,9,0,0,CC,1,CT,0,GG,1,CG,1,AG,2,TT,1,AG,1,AG,41,42.4,42,0,4.86,3.71,2,1,6,8,5,3,5,1
D07A052,18,0,158,40,16.02,95,57,80,6.17,5.5,1,1.22,130.66,8.28,9.93,140,97,48,72,1.5,35.91,114666.6667,32,5,7,17,10,5,26,65,22,36,20,27,105,21,1,1,12,0,0,CC,0,CC,2,AA,1,CG,2,GG,1,GT,0,AA,2,AA,30.6,27.4,6,3,3.09,3.06,2,2,4,8,6,7,4,0
D07A064,39,0,162,67,25.53,122,84,103,5.7,5.6,1.7,1.45,51.3,20.7,10.78,144,82,41,87,2.12,18.44,856027.7778,16,7,8,26,14.9,20,41,87.4,16,23,12,22,73,8,1,1,9,0,2,TT,0,CC,1,AG,0,GG,0,AA,0,GG,0,AA,2,AA,26.6,29.6,18,2,3.86,2.15,3,2,5,6,4,6,4,0
D07A076,52,0,150,48,21.33,118,77,100,3.03,5.6,1.1,0.75,29.48,21.14,5.45,237,229,40,151,3.78,31.09,142055.5556,18,5,7,24,15,12,37,95,27,29,25,31,112,10,1,1,9,0,0,CC,0,CC,0,GG,1,CG,2,GG,1,GT,1,AG,2,AA,36.2,36.2,46,0,3.85,3.85,2,2,6,8,6,7,5,0
D07A089,37,0,155,43,17.9,100,80,92,7.89,5.4,1.2,1.79,97.94,24.5,5.06,198,95,66,113,1.71,31,205333.3333,22,2,4,17,17,16,47,101,26,35,30,35,126,29,1,1,15,0,2,TT,1,CT,1,AG,1,CG,1,AG,1,GT,1,AG,2,AA,48.6,48.6,5,4,4.86,2.81,3,1,5,8,5,7,5,0
D07A092,21,1,160,49,19.14,106,73,101,5.29,5.6,1.6,1.32,50.12,7.28,2.9,156,62,60,84,1.4,22.84,26555.55556,23,4,6,16,17,15,34,88,25,30,23,27,104.1,4,1,1,16,1,0,CC,2,TT,1,AG,0,GG,2,GG,0,GG,0,AA,1,AG,43,45.4,5,2,4.74,4.86,2,3,5,6,6,6,4,1
D07A094,49,0,154,52,21.93,120,73,86,4.15,5.7,1.7,0.88,64.96,13.26,12.08,241,112,72,145,2.01,83.53,431083.3333,24,4,3,11,14.9,6,25,87.4,27,32,26,27,112,4,1,1,12,0,1,CT,2,TT,2,AA,0,GG,2,GG,2,TT,0,AA,1,AG,46.6,41.4,45,0,3.71,2.78,1,3,4,6,6,3,4,1
D07A098,60,1,179,76,23.72,131,87,94,3.91,5.1,4.6,0.91,45.41,24.43,6.4,129,58,49,70,1.43,43.07,976583.3333,29,5,5.6,18.7,14.9,13.6,34.1,87.4,25,30,23,27,104.1,4,1,1,6,0,0,CC,2,TT,1,AG,0,GG,0,AA,1,GT,0,AA,1,AG,36.4,35.4,36,0,4.69,4.33,2,3,5,6,4,7,4,1
D07A101,51,1,175,66,21.55,120,80,129,21.21,6.8,4.7,6.76,115.69,29.61,6.72,213,137,50,142,2.84,23.52,113083.3333,22,2,6,24,17,15,38,100,28,37,27,31,123,22,1,1,12,0,2,TT,0,CC,2,AA,0,GG,2,GG,1,GT,0,AA,0,GG,43.8,38.4,7,0,4.86,4.02,3,2,4,6,6,7,4,2
D07A102,36,1,163,65,24.46,108,70,91,2.97,5.5,1.1,0.67,38.19,24.22,3.59,203,67,45,134,2.98,65.48,115432,18,0,4,18,12,13,37,84,25,30,17,26,98,0,1,1,12,0,2,TT,1,CT,0,GG,1,CG,2,GG,2,TT,1,AG,1,AG,43,40.4,33,0,0.29,0.46,3,1,6,8,6,3,5,1
D07A115,59,1,162,65,24.77,121,80,100,3.77,5.8,1.2,0.93,36.68,23.8,2.96,197,256,43,129,3,26.44,413904.1667,20,1,5,20,14,12,43,94,25,30,23,27,104.1,6,1,1,16,0,2,TT,1,CT,0,GG,2,CC,2,GG,0,GG,0,AA,1,AG,29.8,24,6,0,3.22,0.85,3,1,6,2,6,6,4,1
D07A129,61,0,148,70,31.96,116,78,112,15.93,6.3,3.1,4.41,117.04,17.45,23.55,210,121,53,149,2.81,23.05,1024608,36,1,4,15,11,12,29,71,15,20,22,27,84,3,1,1,5,0,1,CT,1,CT,2,AA,0,GG,0,AA,1,GT,0,AA,2,AA,11.4,13,29,0,1.52,0.29,1,1,4,6,4,7,4,0
D07A130,57,0,158,48,19.23,148,89,111,2.18,5.9,1.6,0.6,16.35,21.81,6.78,165,45,51,99,1.94,14.63,45991.5,27,4,6,19,16,12,28,81,29,29,30,30,118,13,1,1,6,1,2,TT,0,CC,2,AA,0,GG,2,GG,2,TT,0,AA,0,GG,18.2,18.4,34,1,3.3,2.28,3,2,4,6,6,3,4,2
D07A132,59,0,157,60,24.34,145,87,100,3.21,5.7,1.6,0.79,31.23,10.69,5.02,251,131,67,171,2.55,23.85,43512,32,1,6,22,20,17,36,101,20,31,14,14,79,15,1,1,6,1,1,CT,1,CT,1,AG,0,GG,1,AG,2,TT,1,AG,2,AA,49,50,5,0,4.86,3.71,1,1,5,6,5,3,5,0
D07A134,37,0,158,62,24.84,113,76,116,2.42,5.4,1.8,0.69,16.44,21.41,11.91,212,154,43,146,3.4,19.04,287440.0185,25,7,6,21,21,16,34,98,25,32,25,26,108,1,1,1,12,0,0,CC,1,CT,1,AG,0,GG,2,GG,2,TT,0,AA,1,AG,51,52.2,13,1,4.86,2.8,2,1,5,6,6,3,4,1
D07A003,40,1,173,70,23.39,129,79,91,12.5,5.6,2,2.81,160.71,2.3,1.94,227,122,47,156,3.32,34.14,205233.3333,30,10,2,10,14,13,26,78.2,13,21,12,15,61,10.6,0,0,14,0,0,CC,2,TT,1,AG,2,CC,2,GG,1,GT,1,AG,2,AA,55.6,55,14,4,4.69,3.98,2,3,5,2,6,7,5,0
D07A004,38,0,164,50,18.59,82,62,93,6.91,5.1,1,1.59,82.92,12.2,5.79,155,60,69,74,1.07,40.81,155441.6667,24,24,4,16,12,12,34,78,27,33,27,29,116,10.6,0,0,12,1,0,CC,2,TT,1,AG,1,CG,2,GG,2,TT,0,AA,2,AA,44.6,34.6,16,2,3.73,2.74,2,3,5,8,6,3,4,0
D07A005,47,0,152,43,18.61,123,77,106,6.91,5.6,1.5,1.81,57.85,41.3,2.44,267,78,88,163,1.85,38.44,13425,27,22,5,14,15,17,32,83,30,28,30,30,118,10.6,0,0,16,1,2,TT,2,TT,0,GG,0,GG,2,GG,1,GT,0,AA,1,AG,49.6,35.8,8,4,3.46,2.74,3,3,6,6,6,7,4,1
D07A007,23,0,148,45,20.54,117,72,76,3.69,5.3,0.85,0.69,102.18,13,4.18,155,30,68,81,1.19,40.42,16058.33333,26,31,6,14,16,12,29,77,18,18,16,16,68,10.6,0,0,9,0,0,CC,2,TT,1,AG,1,CG,2,GG,2,TT,0,AA,1,AG,52.6,45.2,5,3,4.69,4.73,2,3,5,8,6,3,4,1
D07A011,35,0,157,63,25.56,127,84,90,23.9,5.2,4.2,5.31,318.67,8.32,40.55,153,98,51,82,1.61,46.25,361791.6667,22,20,7,14,12,13,35,81,17,25,13,15,70,10.6,0,0,12,1,1,CT,1,CT,0,GG,0,GG,1,AG,0,GG,0,AA,2,AA,2.8,24,13,3,2.09,1.69,1,1,6,6,5,6,4,0
D07A021,20,0,158,53,21.23,111,77,94,9.29,5.5,1.8,2.16,107.88,12,12.8,176,62,42,120,2.86,21.1,57875,29,23,4,15,14,9,29,72,28,21,25,29,103,17,0,0,13,1,0,CC,0,CC,1,AG,0,GG,2,GG,0,GG,0,AA,2,AA,42,44.2,11,1,4.24,4.5,2,2,5,6,6,6,4,0
D07A022,34,0,160,47,18.36,105,79,91,2.22,5.3,1,0.5,28.54,0.5,4.71,292,85,48,227,4.73,36.25,196391.6667,29,8,3,17,13,13,37,83,27,31,25,29,112,7,1,0,9,1,0,CC,1,CT,1,AG,0,GG,0,AA,0,GG,0,AA,2,AA,47.4,48.8,13,2,4.86,4.74,2,1,5,6,4,6,4,0
D07A023,25,0,160,55,21.48,113,74,93,4.85,5.6,1.7,1.11,58.2,11.1,3.8,164,69,74,76,1.03,12.07,40708.33333,25,25,4.5,15.6,14,12.4,31.2,78.2,21,24,20,22,86.1,10.6,0,0,11,0,0,CC,1,CT,2,AA,0,GG,0,AA,0,GG,0,AA,2,AA,44.2,36.4,36,0,3.99,4,2,1,4,6,4,6,4,0
D07A025,25,1,172,63,21.3,101,60,88,3.31,5.3,0.6,0.72,47.66,8.73,0.27,156,60,58,86,1.48,9.09,12452,15,15,4,15,9,9,27,64,18,27,21,23,89,10.6,0,0,14,0,0,CC,2,TT,1,AG,0,GG,2,GG,0,GG,0,AA,1,AG,37.4,36.8,8,3,4.57,2.99,2,3,5,6,6,6,4,1
D07A027,25,0,156,42,17.26,94,71,85,2.95,5.4,0.55,0.62,48.27,5.17,1.92,162,66,69,80,1.16,46.28,24498,20,20,4,12,14,9,27,66,20,10,20,15,65,4,0,0,12,1,2,TT,2,TT,0,GG,0,GG,0,AA,2,TT,0,AA,2,AA,37.8,33.4,6,4,4.57,1.97,3,3,6,6,4,3,4,0
D07A028,20,1,176,80,25.83,121,86,104,10.91,5.3,2.7,2.8,95.8,9.91,12.93,197,108,46,129,2.8,38.02,194191.6667,37,37,3,8,6,11,26,54,15,10,11,12,48,34,0,0,16,1,0,CC,1,CT,1,AG,1,CG,1,AG,1,GT,0,AA,2,AA,19,21.2,20,2,2.7,1.31,2,1,5,8,5,7,4,0
D07A031,37,0,160,55,21.48,113,74,91,4.04,5.6,1.2,0.91,51.94,13.87,3.49,207,65,88,106,1.2,47.25,324150,18,11,4.5,15.6,14,12.4,31.2,78.2,21,24,20,22,86.1,10.6,0,0,11,1,1,CT,1,CT,1,AG,0,GG,0,AA,1,GT,0,AA,1,AG,19.8,17,9,4,0.54,0.33,1,1,5,6,4,7,4,1
D07A033,37,1,177,79,25.22,128,83,93,3.18,5.6,1.6,0.73,38.16,13.71,3.91,151,60,40,99,2.48,8.75,68559.52381,24,15,7,24,18,16,35,100,28,35,28,30,121,11,0,0,18,1,1,CT,0,CC,2,AA,1,CG,2,GG,2,TT,0,AA,1,AG,52.8,49.8,15,3,4.57,3.71,1,2,4,8,6,3,4,1
D07A034,48,0,160,55,21.48,113,74,117,24.33,5.6,4.2,7.03,162.2,15.23,76.93,175,286,29,89,3.07,26.5,1252857.143,21,21,4.5,15.6,14,12.4,31.2,78.2,21,24,20,22,86.1,19,0,0,9,0,2,TT,2,TT,2,AA,1,CG,0,AA,1,GT,0,AA,1,AG,36.8,35.53,16.02,1.88,3.73,2.74,3,3,4,8,4,7,4,1
D07A037,54,0,160,55,21.48,113,74,92.2,7.87,5.56,1.92,1.95,88.79,13.04,10.88,189,103.8,55.5,112.3,2.19,32.2,130333.3333,19,19,7,19,20,15,41,102,27,31,24,24,106,10.6,0,0,6,1,1,CT,0,CC,1,AG,0,GG,1,AG,0,GG,0,AA,2,AA,36.8,35.53,16.02,1.88,3.73,2.74,1,2,5,6,5,6,4,0
D07A043,25,0,157,38,15.42,90,63,115,10.83,5.5,4.2,3.08,74.98,9.66,2.45,185,57,61,113,1.85,26.5,9142.85714,25,18,2,9,4,7,21,43,17,20,12,12,61,9,0,0,12,0,0,CC,1,CT,1,AG,2,CC,2,GG,2,TT,0,AA,2,AA,35,34.6,11,1,4.86,0.99,2,1,5,2,6,3,4,0
D07A048,52,0,155,45,18.73,122,73,87,2.55,5.7,0.65,0.55,38.25,12.97,3.89,191,61,78,96,1.23,6.96,162097.2222,33,19,3,9,9,8,23,52,12,12,13,13,50,4,0,0,12,1,0,CC,0,CC,0,GG,1,CG,2,GG,1,GT,0,AA,1,AG,19,41.2,8,0,1.57,2.74,2,2,6,8,6,7,4,1
D07A050,25,0,162,48,18.29,105,80,86,4.36,5,0.91,0.93,68.24,13.89,10,193,59,48,133,2.77,26.5,109444.4444,17,17,5,12,16,13,33,79,26,35,24,27,112,19,0,0,18,1,0,CC,1,CT,2,AA,1,CG,1,AG,0,GG,1,AG,2,AA,36.2,34.8,7,5,4.86,3.64,2,1,4,8,5,6,5,0
D07A057,26,0,153,47,20.08,90,54,81,3.17,5.2,0.88,0.63,63.4,11.48,2.77,130,79,51,64,1.25,13.83,80236.11111,31,31,5,11,14,13,28,71,22,26,14,26,88,2,0,0,12,1,0,CC,1,CT,2,AA,0,GG,2,GG,1,GT,0,AA,2,AA,32.4,34.6,12,1,3.2,1.57,2,1,4,6,6,7,4,0
D07A059,48,0,148,52,23.74,111,76,79,2.16,6,1.2,0.42,48.6,15.84,14.25,181,54,68,102,1.5,18.91,449444.4444,14,9,8,28,23,18,34,111,14,16,13,14,57,3,0,0,6,0,0,CC,1,CT,1,AG,1,CG,1,AG,1,GT,2,GG,2,AA,48,40.4,40,1,4.86,3.71,2,1,5,8,5,7,6,0
D07A060,34,0,151,45,19.74,122,74,106,10.55,5.9,3.9,2.76,88.33,4.44,6.22,175,67,61,101,1.66,24.68,86722.22222,23,23,4.5,15.6,14,12.4,31.2,78.2,21,24,20,22,86.1,10.6,0,0,11,1,1,CT,0,CC,2,AA,0,GG,2,GG,1,GT,0,AA,2,AA,47.4,38.4,39,1,3.14,2.74,1,2,4,6,6,7,4,0
D07A061,22,0,155,55,22.89,112,73,80,3.7,5.6,1.1,0.73,78.35,14.19,5.05,155,76,61,79,1.3,27.46,187361.1111,24,24,8,16,17,8,38,87,18,42,11,15,86,19,0,0,10,1,0,CC,1,CT,2,AA,1,CG,1,AG,0,GG,1,AG,1,AG,35.2,32.2,10,2,3.49,3.28,2,1,4,8,5,6,5,1
D07A067,62,1,154,57,24.03,145,90,82,4.58,5.6,1.7,0.93,86.78,10.49,3.22,230,89,42,152,3.62,23.93,401680.5556,18,20,3,10,13,16,32,74,10,15,10,18,53,0,0,0,6,1,2,TT,1,CT,1,AG,0,GG,1,AG,1,GT,0,AA,2,AA,37.2,38.8,44,0,2.9,1.81,3,1,5,6,5,7,4,0
D07A069,43,1,158,37,14.82,88,64,83,3.51,5.5,1,0.72,63.18,20.1,1.18,150,86,67,66,0.99,6.62,1214750,19,11,5,15,13,14,32,79,25,32,23,23,103,0,0,0,9,1,1,CT,2,TT,0,GG,1,CG,0,AA,1,GT,0,AA,0,GG,18.4,21.8,16,1,4.86,3.2,1,3,6,8,4,7,4,2
D07A071,55,0,153,69,29.48,148,88,88,5.61,6,2.6,1.22,80.78,12.21,26.31,282,127,55,202,3.67,33.25,226833.3333,13,23,4,30,13,14,33,94,28,31,25,25,109,0,0,0,4,0,1,CT,2,TT,0,GG,0,GG,1,AG,2,TT,0,AA,1,AG,22.4,25.8,32,0,2.52,2.66,1,3,6,6,5,3,4,1
D07A073,51,0,156,71,29.17,129,90,117,57.83,5.6,11.9,16.71,385.53,7.52,21.95,235,285,39,139,3.56,23.04,595513.8889,27,27,4.5,15.6,14,12.4,31.2,78.2,21,24,20,22,86.1,10.6,0,0,11,1,1,CT,1,CT,2,AA,2,CC,1,AG,1,GT,0,AA,1,AG,36.8,35.53,16.02,1.88,3.73,2.74,1,1,4,2,5,7,4,1
D07A074,36,0,157,48,19.47,110,71,77,3.35,5.3,0.94,0.64,86.14,1.1,5.96,170,52,61,99,1.62,13.42,95666.66667,31,19,7,20,18,15,34,94,16,16,24,24,80,18,0,0,6,0,2,TT,1,CT,1,AG,0,GG,0,AA,0,GG,0,AA,2,AA,32.2,36,10,1,2.87,2.21,3,1,5,6,4,6,4,0
D07A075,27,1,177,77,24.58,115,75,96,5.06,5.6,1.5,1.2,55.2,18.57,2.2,277,187,35,193,5.51,1.85,191861.1111,22,9,4,22,18,16,42,102,17,23,27,29,96,16,0,0,11,1,1,CT,2,TT,2,AA,1,CG,1,AG,1,GT,1,AG,2,AA,35.6,39.8,4,5,3.46,3.09,1,3,4,8,5,7,5,0
D07A078,55,0,152,43,18.61,90,62,77,4.05,6,1.6,0.77,104.14,11.02,13.33,182,74,64,103,1.61,38.21,249513.8889,29,29,4.5,15.6,14,12.4,31.2,78.2,21,24,20,22,86.1,10.6,0,0,16,0,2,TT,2,TT,1,AG,0,GG,0,AA,1,GT,2,GG,2,AA,38.8,39.8,45,0,1.97,2.51,3,3,5,6,4,7,6,0
D07A079,53,0,154,57,24.03,104,72,96,6.77,5.9,1.9,1.6,73.85,7.5,47.73,213,267,46,114,2.48,19.51,360902.7778,17,15,4.5,15.6,14,12.4,31.2,78.2,21,24,20,22,86.1,7,0,0,6,0,1,CT,1,CT,1,AG,0,GG,2,GG,1,GT,1,AG,1,AG,44.8,44.2,43,0,3.85,2.62,1,1,5,6,6,7,5,1
D07A081,44,0,165,66,24.24,114,83,93,4.57,5.3,1.5,1.05,54.84,15.43,24.69,175,63,54,108,2,28.43,192680.5556,26,26,4.5,15.6,14,12.4,31.2,78.2,21,24,20,22,86.1,10.6,0,0,16,0,1,CT,0,CC,1,AG,0,GG,0,AA,1,GT,0,AA,2,AA,34,35.8,5,0,3.58,1.8,1,2,5,6,4,7,4,0
D07A082,20,1,167,64,22.95,145,75,89,4.11,5.2,1.1,0.9,56.91,19.87,1.97,155,92,48,89,1.85,23.61,63722.22222,20,11,5,14,15,11,35,80,26,26,23,26,101,7,0,0,15,1,0,CC,1,CT,2,AA,0,GG,0,AA,1,GT,1,AG,1,AG,44.8,32,5,3,4.57,4.14,2,1,4,6,4,7,5,1
D07A083,32,0,164,45,16.73,113,74,86,5.81,5.1,1.2,1.23,90.94,25.24,3.26,176,76,55,106,1.93,25.67,125833.3333,23,8,5,15,11,14,33,78,24,24,20,20,88,4,1,0,12,0,2,TT,1,CT,2,AA,0,GG,0,AA,1,GT,0,AA,1,AG,32,24.4,9,3,2.12,1.61,3,1,4,6,4,7,4,1
D07A084,25,0,165,47,17.26,92,63,84,2.28,5.5,1,0.47,39.09,18.91,17.56,238,58,65,161,2.48,20.64,16013.88889,28,18,4,14,14,14,32,78,18,27,21,24,90,41,0,0,12,1,1,CT,2,TT,2,AA,2,CC,2,GG,0,GG,1,AG,1,AG,33.2,31.6,7,4,4.69,4.19,1,3,4,2,6,6,5,1
D07A086,52,1,171,55,18.81,119,79,77,5.58,6.1,1.8,1.06,143.49,14.76,2.17,211,106,33,157,4.76,24.13,269513.8889,34,13,2,15,15,13,41,86,30,32,30,30,122,0,0,0,14,0,1,CT,2,TT,2,AA,0,GG,2,GG,1,GT,2,GG,2,AA,37.8,30.4,41,0,4.57,3.74,1,3,4,6,6,7,6,0
D07A088,43,0,165,65,23.88,96,58,92,6.78,5.5,1.8,1.54,84.17,11.16,8.66,111,86,41,53,1.29,47.75,13930.55556,22,22,7,22,22,16,36,103,19,23,20,21,83,8,0,0,9,1,1,CT,2,TT,1,AG,0,GG,1,AG,2,TT,0,AA,1,AG,34,36.8,11,1,4.69,1.34,1,3,5,6,5,3,4,1
D07A095,45,1,160,55,21.48,113,74,125,7.33,6.1,2.9,2.26,42.56,17.19,15.31,255,171,68,153,2.25,27.8,247680.5556,25,18,5,21,16,12,33,87,21,24,20,22,86.1,0,0,0,12,0,2,TT,2,TT,0,GG,0,GG,2,GG,0,GG,1,AG,1,AG,43,36.4,7,4,4.57,4.57,3,3,6,6,6,6,5,1
D07A097,45,0,160,55,21.48,113,74,87,4.7,5.5,0.89,1.01,70.5,11.21,2.76,178,57,67,99,1.48,24.62,77166.66667,18,18,4.5,15.6,14,12.4,31.2,78.2,21,24,20,22,86.1,10.6,0,0,17,0,1,CT,1,CT,0,GG,0,GG,2,GG,0,GG,0,AA,1,AG,34.2,34.2,5,5,4.86,4.02,1,1,6,6,6,6,4,1
D07A114,53,0,160,68,26.56,126,92,113,21.23,6,0.66,5.92,152.86,9.55,4.43,161,352,31,53,1.71,28.43,462123.8333,29,12,4,22,13,8,35,82,12,20,10,11,53,8,0,0,0,0,1,CT,2,TT,2,AA,0,GG,2,GG,0,GG,0,AA,2,AA,36.8,32.8,14,0,3.33,0.43,1,3,4,6,6,6,4,0
D07A118,50,0,157,68,27.59,102,68,100,15.97,6,3.4,3.94,155.38,20.83,7.1,193,177,42,126,3,24.73,1751925.833,28,14,5,10,17,21,29,83,25,25,23,26,99,0,0,0,6,0,2,TT,1,CT,1,AG,0,GG,1,AG,0,GG,0,AA,1,AG,25.8,25.8,5,0,3.01,0.77,3,1,5,6,5,6,4,1
D07A122,36,0,163,45,16.94,102,70,89,2.17,5.2,1.6,0.48,30.05,16.65,3.45,180,90,61,100,1.64,33.88,94339.83333,35,8,2,12,11,10,19,54,21,31,22,22,86.1,30,1,0,12,0,0,CC,0,CC,1,AG,0,GG,1,AG,1,GT,2,GG,1,AG,53,43.2,6,1,4.57,3.4,2,2,5,6,5,7,6,1
D07A124,46,0,153,43,18.37,118,75,85,1.39,5.4,1.1,0.29,22.75,9.67,1.96,158,88,47,92,1.96,25.76,39935.5,30,24,3,10,10,7,25,55,14,19,13,16,62,10,0,0,9,1,1,CT,1,CT,0,GG,1,CG,1,AG,0,GG,1,AG,1,AG,24.4,23.4,18,2,3.3,1.57,1,1,6,8,5,6,5,1
D07A127,54,0,172,67,22.65,107,61,92,5.3,5.9,1.6,1.2,65.79,14.39,14.01,163,130,63,76,1.21,31.15,795059.8333,27,10,4,17,17,12,29,79,25,31,30,31,117,4,0,0,15,0,0,CC,1,CT,2,AA,0,GG,1,AG,1,GT,0,AA,2,AA,48.2,44.2,19,1,3.74,1.87,2,1,4,6,5,7,4,0
D07A128,40,0,153,45,19.22,138,87,87,2.91,5.4,1.7,0.63,43.65,16.73,11.51,189,65,59,122,2.07,23.32,55388.66667,29,8,3,14,9,5,17,48,14,16,12,12,54,18,1,0,11,1,1,CT,1,CT,1,AG,1,CG,2,GG,1,GT,0,AA,2,AA,44.6,45.6,15,1,4.57,3.2,1,1,5,8,6,7,4,0
D07A131,53,0,161,61,23.53,122,72,96,8.88,6,1.5,2.1,96.87,13.94,17.51,188,86,56,121,2.16,20.44,72300,20,16,4.5,15.6,14,12.4,31.2,78.2,21,24,20,22,86.1,10.6,0,0,6,0,2,TT,2,TT,2,AA,0,GG,2,GG,1,GT,0,AA,2,AA,31.4,31.2,11,1,3.47,2.38,3,3,4,6,6,7,4,0
